{
  "algorithm_type": {
    "precision": 1.0,
    "recall": 0.9473684210526315,
    "f1-score": 0.972972972972973,
    "support": 19
  },
  "contest_name": {
    "precision": 1.0,
    "recall": 1.0,
    "f1-score": 1.0,
    "support": 8
  },
  "user_level": {
    "precision": 1.0,
    "recall": 1.0,
    "f1-score": 1.0,
    "support": 4
  },
  "algorithm_level": {
    "precision": 0.6666666666666666,
    "recall": 1.0,
    "f1-score": 0.8,
    "support": 2
  },
  "micro avg": {
    "precision": 0.9696969696969697,
    "recall": 0.9696969696969697,
    "f1-score": 0.9696969696969697,
    "support": 33
  },
  "macro avg": {
    "precision": 0.9166666666666666,
    "recall": 0.9868421052631579,
    "f1-score": 0.9432432432432432,
    "support": 33
  },
  "weighted avg": {
    "precision": 0.9797979797979799,
    "recall": 0.9696969696969697,
    "f1-score": 0.9723177723177723,
    "support": 33
  }
}